{
  "accuracy": 0.7617751157092295,
  "report": {
    "negative": {
      "precision": 0.7083333333333334,
      "recall": 0.32762312633832974,
      "f1-score": 0.4480234260614934,
      "support": 467.0
    },
    "neutral": {
      "precision": 0.6359600443951166,
      "recall": 0.6194594594594595,
      "f1-score": 0.6276013143483024,
      "support": 925.0
    },
    "positive": {
      "precision": 0.810641627543036,
      "recall": 0.9083735203857957,
      "f1-score": 0.8567293777134588,
      "support": 2281.0
    },
    "accuracy": 0.7617751157092295,
    "macro avg": {
      "precision": 0.7183116684238287,
      "recall": 0.6184853687278616,
      "f1-score": 0.6441180393744182,
      "support": 3673.0
    },
    "weighted avg": {
      "precision": 0.7536423251178369,
      "recall": 0.7617751157092295,
      "f1-score": 0.7470617659426345,
      "support": 3673.0
    }
  }
}